{
  "Classical-SAC": {
    "mean": -5.874857307335188,
    "std": 0.5695276663711197,
    "seeds": [
      -5.916530544362908,
      -6.550612499087516,
      -5.157428878555142
    ],
    "vviols": [
      17.6,
      32.0,
      28.2
    ],
    "params": 113288,
    "obs_dim": 48,
    "device": "cuda:1",
    "env": "OpenDSS 3-phase AC (IEEE 13-bus)"
  },
  "SAC-AE": {
    "mean": -6.227724267033083,
    "std": 1.0302974609444122,
    "seeds": [
      -4.771097630528257,
      -6.986833987855142,
      -6.925241182715851
    ],
    "vviols": [
      5.5,
      133.0,
      29.0
    ],
    "params": 5024,
    "obs_dim": 48,
    "device": "cuda:2",
    "env": "OpenDSS 3-phase AC (IEEE 13-bus)"
  },
  "QC-SAC": {
    "mean": -7.167838215845578,
    "std": 1.2503161889075822,
    "seeds": [
      -8.886623418475333,
      -5.948905729702445,
      -6.667985499358956
    ],
    "vviols": [
      63.2,
      6.9,
      57.0
    ],
    "params": 1240,
    "obs_dim": 48,
    "device": "cuda:0",
    "env": "OpenDSS 3-phase AC (IEEE 13-bus)"
  },
  "QE-SAC": {
    "mean": -6.594539672705557,
    "std": 0.9242852647420831,
    "seeds": [
      -6.001332579880914,
      -5.882414373145922,
      -7.899872065089835
    ],
    "vviols": [
      25.5,
      10.1,
      30.8
    ],
    "params": 4896,
    "obs_dim": 48,
    "device": "cuda:0",
    "env": "OpenDSS 3-phase AC (IEEE 13-bus)"
  }
}