{
  "condition": "naive_fl",
  "seed": 0,
  "cosine_AB": [
    -0.046076640486717224,
    -0.019714705646038055,
    0.47823384404182434,
    0.361787348985672,
    0.2864818274974823,
    0.11066373437643051,
    0.12888780236244202,
    -0.13157302141189575,
    -0.21829944849014282,
    0.2898498773574829,
    -0.5091198682785034,
    0.7668617963790894,
    0.11621849238872528,
    0.10412328690290451,
    -0.40429532527923584,
    -0.30009594559669495,
    -0.4024057388305664,
    -0.5677455067634583,
    -0.3550988733768463,
    -0.1490335315465927,
    -0.0315718799829483,
    -0.34942755103111267,
    0.5996643304824829,
    0.25501880049705505,
    -0.3074842691421509,
    -0.7076653242111206,
    -0.09837577491998672,
    -0.27701905369758606,
    0.6756108403205872,
    -0.5491412281990051,
    0.4851841628551483,
    -0.41248413920402527,
    0.20298166573047638,
    -0.7001851201057434,
    0.3260311782360077,
    0.07925783097743988,
    0.7802869081497192,
    -0.06982725858688354,
    -0.3819372355937958,
    -0.38625967502593994,
    -0.16992811858654022,
    -0.8577898144721985,
    -0.7114539742469788,
    -0.3108403980731964,
    -0.8454017639160156,
    -0.3392714262008667,
    -0.07526512444019318,
    0.6948803663253784,
    0.5160812735557556,
    0.5102710127830505,
    -0.15885800123214722,
    0.07695510238409042,
    -0.35780608654022217,
    0.29317525029182434,
    0.44176819920539856,
    0.6277452707290649,
    0.6202258467674255,
    -0.2853933870792389,
    0.3445596694946289,
    0.28536245226860046,
    -0.8187061548233032,
    0.3277798593044281,
    -0.6687518954277039,
    -0.6368643641471863,
    -0.11080451309680939,
    0.04654417186975479,
    -0.3946307599544525,
    -0.6044661402702332,
    0.3844638764858246,
    0.6184825897216797,
    -0.1815786361694336,
    -0.5312815308570862,
    -0.14499004185199738,
    0.17406851053237915,
    0.3901871144771576,
    -0.1667470484972,
    -0.5445009469985962,
    -0.4220990836620331,
    0.7710289359092712,
    0.12364663928747177
  ],
  "cosine_AC": [
    -0.60573410987854,
    -0.000820935470983386,
    0.0921282172203064,
    0.4194974899291992,
    0.4353388547897339,
    0.27286645770072937,
    0.4728120267391205,
    0.292562335729599,
    0.015854423865675926,
    -0.10661671310663223,
    -0.8839324116706848,
    0.3182707130908966,
    0.07412156462669373,
    -0.39105868339538574,
    -0.363335520029068,
    0.337925523519516,
    -0.42511817812919617,
    -0.6113294959068298,
    0.9109493494033813,
    0.658581018447876,
    0.7359511256217957,
    0.36989372968673706,
    0.5182139873504639,
    0.9507476091384888,
    -0.8039734363555908,
    -0.7251288890838623,
    0.6505201458930969,
    -0.75345778465271,
    -0.9690495133399963,
    0.5327876806259155,
    0.2100352793931961,
    0.7312569618225098,
    -0.36217057704925537,
    -0.9712408781051636,
    0.9847230315208435,
    -0.8590568900108337,
    0.36205610632896423,
    0.05515152961015701,
    -0.7150468230247498,
    -0.677751362323761,
    -0.9641903638839722,
    0.620344340801239,
    0.5317859053611755,
    0.8757370114326477,
    0.9120469093322754,
    -0.8548484444618225,
    0.3477015197277069,
    0.8116570711135864,
    0.9132776260375977,
    -0.5678093433380127,
    -0.13260135054588318,
    -0.9686968922615051,
    -0.9255157113075256,
    -0.46851101517677307,
    -0.21087069809436798,
    0.4746440351009369,
    0.49932506680488586,
    0.7419397830963135,
    0.7836690545082092,
    -0.7151111364364624,
    0.7922868132591248,
    0.1398487091064453,
    0.8061708211898804,
    0.19101183116436005,
    0.15459179878234863,
    -0.013224932365119457,
    0.9433264136314392,
    0.29024413228034973,
    -0.7859995365142822,
    -0.10264125466346741,
    0.14960771799087524,
    -0.7877436280250549,
    -0.09295900166034698,
    -0.5721142292022705,
    -0.49085649847984314,
    -0.4397312104701996,
    0.8016151189804077,
    0.9797245264053345,
    0.9420263767242432,
    0.23653832077980042
  ],
  "server_ratio": [
    0.3192045363681883,
    0.7206764329204404,
    0.6550538904306832,
    0.8134876024714185,
    0.7099001547653223,
    0.7489636627654582,
    0.84996356726957,
    0.5616908425787235,
    0.4114370661392035,
    0.6508619354449431,
    0.3905771360768702,
    0.7978966426424119,
    0.7823040534692904,
    0.8366998107878207,
    0.4262844449253343,
    0.6917052913846408,
    0.6289374059819436,
    0.431043966022957,
    0.5945461289878359,
    0.47651899854416585,
    0.8221821384490365,
    0.6919844485960784,
    0.8579075115281445,
    0.8904133874567013,
    0.3394683868158862,
    0.581817460836034,
    0.8544198914405539,
    0.8008867416663384,
    0.30738871950944796,
    0.5230910804946407,
    0.5780638853983009,
    0.6152581347593494,
    0.658859157548998,
    0.7271087108137871,
    0.8448787053825862,
    0.5309972173574352,
    0.8027124817314276,
    0.83081392387095,
    0.3473105832300517,
    0.38222632174204413,
    0.3591990319807071,
    0.4089878909899986,
    0.3607240286072403,
    0.7906919655704717,
    0.2485746761593866,
    0.3054562510048978,
    0.5602334463278513,
    0.8507859184302018,
    0.910203590511023,
    0.3644752099043789,
    0.530927503838686,
    0.36192946631221606,
    0.42737457881631713,
    0.443519079846382,
    0.7957001624467709,
    0.8864417776081378,
    0.9100964775878919,
    0.5505475966038159,
    0.815260579990404,
    0.3686899263394783,
    0.38540718477894986,
    0.7143947673265736,
    0.7175429106187224,
    0.47685644772742203,
    0.5332963082782893,
    0.6333382654179495,
    0.6671639017021972,
    0.6145782997897528,
    0.2553676980440709,
    0.713247679262341,
    0.6027800987771293,
    0.5856216050289347,
    0.5305560514643741,
    0.6085614091997215,
    0.4496527782122493,
    0.7077880557415709,
    0.451369732551721,
    0.6419747023477572,
    0.9154336210971198,
    0.6790031847120332
  ]
}