{
  "condition": "naive_fl",
  "seed": 0,
  "client_seeds": [
    0,
    7,
    14
  ],
  "env": "VVCEnvOpenDSS (real 3-phase AC, IEEE 13-bus)",
  "n_rounds": 50,
  "local_steps": 1000,
  "reward_scale": 1.0,
  "results": {
    "Utility_A_13bus": -14.422646049346849,
    "Utility_B_13bus_v2": -13.454520943926287,
    "Utility_C_13bus_v3": -14.03847500357224
  },
  "curves": {
    "Utility_A_13bus": [
      -44.08024065643413,
      -35.15013423217219,
      -25.452228373862464,
      -20.540930214697646,
      -18.740218629728034,
      -16.549454420386496,
      -15.122182003992895,
      -13.928084366564088,
      -13.831102338479232,
      -13.563690792043037,
      -12.944259690185298,
      -12.897813316333306,
      -12.97481055517242,
      -12.846406824744854,
      -12.470730250248225,
      -12.865947152577295,
      -12.39929290816721,
      -13.029170468335069,
      -12.714107381248121,
      -12.77607752261066,
      -13.196412995168016,
      -13.188142232739496,
      -13.523306819307614,
      -13.480919126851937,
      -13.499976171910024,
      -13.578089123912466,
      -13.629047301792259,
      -14.016496404550262,
      -14.036015946850052,
      -14.073000967408895,
      -14.14625380544677,
      -14.25841028169452,
      -14.707947149305538,
      -13.97777604577815,
      -14.388161173280212,
      -14.180508059966318,
      -14.069826770270286,
      -14.509325933691265,
      -14.056842898828904,
      -14.014430845305453,
      -13.9478501989813,
      -14.530038778801925,
      -14.392592294799009,
      -14.5111995939789,
      -14.661853356779964,
      -14.493679906559581,
      -14.418757261724027,
      -14.41134675955769,
      -14.333142824228428,
      -14.525999518057693
    ],
    "Utility_B_13bus_v2": [
      -41.60014624228627,
      -29.048874385534674,
      -22.440943222494752,
      -18.307430688479187,
      -15.99935899109439,
      -14.48682892761246,
      -13.231339009572064,
      -12.469876105422951,
      -12.102612561461525,
      -11.509349793287619,
      -11.483479443024624,
      -11.546028062653152,
      -11.411328696254413,
      -11.1447630105684,
      -11.435642464703477,
      -11.388464513730446,
      -11.44613258939915,
      -11.986413366783706,
      -11.496943602866548,
      -11.809823349524697,
      -11.603192495278964,
      -11.861695394697069,
      -12.222274860482715,
      -12.243984127534244,
      -12.461112319497675,
      -12.73670247658002,
      -12.813829087535558,
      -12.782027567283336,
      -13.094152018466453,
      -12.987063012599226,
      -13.614495716929593,
      -13.243989877948028,
      -12.721322982067367,
      -13.260797244014508,
      -13.259860641099985,
      -13.214728013819018,
      -13.169946557770084,
      -13.230307877297447,
      -13.191107654686482,
      -13.4948783728521,
      -13.261008867483259,
      -13.337998489311055,
      -13.771062682037599,
      -13.373942701121958,
      -13.426852268895297,
      -13.235440887474752,
      -13.48644810232164,
      -13.645320029029396,
      -13.41094234990598,
      -13.596193061681918
    ],
    "Utility_C_13bus_v3": [
      -39.3310396884379,
      -29.398685839069685,
      -21.72676039452813,
      -17.86931870098913,
      -16.20985129222693,
      -14.736911619010911,
      -14.441634348023712,
      -13.814869372639603,
      -13.615665180332726,
      -13.498725323061803,
      -12.904119212904375,
      -12.876093514349014,
      -12.983377370644694,
      -12.658509936728484,
      -13.091999959071494,
      -12.944195728186049,
      -12.573469844487269,
      -13.103392356424273,
      -12.89011645255966,
      -12.731741998926841,
      -13.001537337681587,
      -13.19872764007023,
      -12.901692707962145,
      -12.960001341279705,
      -13.040052450687895,
      -13.293659161928467,
      -13.353320568096553,
      -13.339795167128308,
      -13.733296599621934,
      -13.705738052979253,
      -13.933754553851195,
      -13.905649775225207,
      -14.08564461160736,
      -13.955237456907659,
      -14.234334190696279,
      -13.812523622680864,
      -13.971445749267984,
      -14.227839209212606,
      -13.840038041507995,
      -13.995381268293528,
      -13.74185940353794,
      -14.050584863708512,
      -14.420917995804773,
      -14.196498662776834,
      -14.075763289260937,
      -14.062587545675955,
      -13.813069129253282,
      -14.174799121371542,
      -14.126466932107483,
      -13.722203092225117
    ]
  }
}