{
  "condition": "aligned_fl",
  "seed": 2,
  "client_seeds": [
    2,
    9,
    16
  ],
  "env": "VVCEnvOpenDSS (real 3-phase AC, IEEE 13-bus)",
  "n_rounds": 50,
  "local_steps": 1000,
  "reward_scale": 1.0,
  "results": {
    "Utility_A_13bus": -13.951317366078115,
    "Utility_B_13bus_v2": -13.728626327052847,
    "Utility_C_13bus_v3": -14.563890126702859
  },
  "curves": {
    "Utility_A_13bus": [
      -41.80380114187016,
      -36.19030626353036,
      -30.641180820031366,
      -25.837343501864027,
      -22.580848500987575,
      -18.33691506974548,
      -15.387641283297256,
      -13.82095246122134,
      -13.593058367989507,
      -13.253890483011501,
      -12.570505419065205,
      -12.255931333754438,
      -12.149832589400932,
      -12.199830788788704,
      -11.96313748291297,
      -11.997482865644004,
      -12.385535212200137,
      -12.157901804923265,
      -12.503727903274866,
      -12.445807994463864,
      -12.252828726165498,
      -12.623950042919725,
      -12.73327829855611,
      -13.105067285903848,
      -13.048433048379804,
      -13.473322785670868,
      -13.67805441454803,
      -13.488256975340006,
      -13.545080663504612,
      -13.572663964105262,
      -13.612675672727613,
      -13.699157939893588,
      -13.809751300651056,
      -13.711423793059511,
      -13.414555669128562,
      -13.56444725323131,
      -13.549017498776893,
      -13.567356426120696,
      -13.929489172430001,
      -13.95464140487724,
      -13.747626006605401,
      -14.067264572492189,
      -13.795253238016075,
      -14.280029617238844,
      -13.97274960402085,
      -14.20599042172353,
      -13.555709153403562,
      -13.977327318112499,
      -13.78678199399923,
      -14.12444173516896
    ],
    "Utility_B_13bus_v2": [
      -42.775187290679064,
      -31.42301509680024,
      -25.082668123325455,
      -19.94559580435882,
      -17.23456264107966,
      -15.167697489102599,
      -14.52116095317958,
      -14.214843210611207,
      -13.31660503804935,
      -12.647642729977198,
      -13.031400899994972,
      -12.463572571514298,
      -12.40613422309308,
      -12.529679099664463,
      -12.469450181299859,
      -12.533795653621631,
      -12.728677122113112,
      -12.315422803799926,
      -12.56891284643967,
      -12.717733947767115,
      -12.654503874736074,
      -12.486512880775996,
      -13.07726790927589,
      -13.12491306103203,
      -13.063096147852134,
      -13.127675771938687,
      -13.028665445161852,
      -13.453903125665207,
      -12.99091782071945,
      -13.109459456252242,
      -13.007785068355446,
      -13.179844304120657,
      -13.012539737212071,
      -13.674251939130317,
      -13.403996987778541,
      -13.025982849017257,
      -13.406395465143122,
      -13.634063506515792,
      -13.709616981364706,
      -13.498221315070168,
      -13.849599059316619,
      -13.479425864097687,
      -13.390834776231086,
      -13.844509061241698,
      -13.965032005288075,
      -13.874926747730276,
      -13.70730891462245,
      -13.615331305950527,
      -13.882364402589374,
      -13.676931133460688
    ],
    "Utility_C_13bus_v3": [
      -39.95734096958713,
      -29.766461763619045,
      -22.324610516856854,
      -19.05745523522932,
      -17.462730424860535,
      -16.39465162971437,
      -15.516587931305688,
      -14.789704431867513,
      -14.699617035334565,
      -14.424718468808871,
      -14.209552763559268,
      -14.285703147166204,
      -13.744274977485434,
      -13.867060693400866,
      -13.809255912657848,
      -13.63032609580524,
      -13.853597472558477,
      -13.565232642992378,
      -14.263409433945467,
      -13.886018752683547,
      -13.871840251492422,
      -13.819422745748744,
      -13.370650160708584,
      -13.927361764452613,
      -14.026109026904667,
      -14.019568692603585,
      -14.153309237491875,
      -13.954450090902306,
      -14.024355244737627,
      -14.020483775871734,
      -14.219583449933394,
      -14.459348251067462,
      -14.262652936548651,
      -14.333258784322247,
      -14.509430461296368,
      -14.347311024235939,
      -14.52623709960191,
      -14.667000479888667,
      -14.879708731154334,
      -14.398450157062959,
      -14.671226031478762,
      -14.134402460410085,
      -14.638748490898188,
      -14.797407835684991,
      -14.73863014968473,
      -14.738207330437046,
      -14.458046142852359,
      -14.49966547211349,
      -14.495043108008195,
      -14.467524245460748
    ]
  }
}