{
  "condition": "naive_fl",
  "seed": 1,
  "client_seeds": [
    1,
    8,
    15
  ],
  "env": "VVCEnvOpenDSS (real 3-phase AC, IEEE 13-bus)",
  "n_rounds": 50,
  "local_steps": 1000,
  "reward_scale": 1.0,
  "results": {
    "Utility_A_13bus": -12.841316131904147,
    "Utility_B_13bus_v2": -14.999832076835258,
    "Utility_C_13bus_v3": -13.82760540748186
  },
  "curves": {
    "Utility_A_13bus": [
      -41.14892081816571,
      -28.908494195471683,
      -22.262304634613646,
      -18.762286771185885,
      -16.533881542848906,
      -14.9117602281336,
      -14.296920962407201,
      -13.327819371812877,
      -13.016761299689358,
      -13.0109052779932,
      -12.512704758799497,
      -12.934202272136256,
      -13.059207044702733,
      -13.065971813911826,
      -12.956123139619525,
      -13.164024468948023,
      -12.896412584648587,
      -12.760382765070393,
      -12.733834864574947,
      -12.769299554150225,
      -12.51754226650685,
      -12.419879533588126,
      -12.654864136330849,
      -12.519848713706319,
      -12.867547080002518,
      -12.433724932528868,
      -12.480093668199032,
      -12.760143753904186,
      -12.529362175415123,
      -12.67796393161742,
      -12.674421095085322,
      -12.707518494793979,
      -12.741992621730615,
      -12.43891136913247,
      -12.248640509637319,
      -12.837617549114306,
      -12.60080608618868,
      -12.791257341918383,
      -12.584610964877871,
      -13.0232284777003,
      -12.856830152677073,
      -13.191206572307703,
      -13.146268959317537,
      -12.489915187772398,
      -12.69810958134468,
      -13.03178775735285,
      -12.477051045092601,
      -12.62402443831568,
      -13.116711518091503,
      -12.78125610676945
    ],
    "Utility_B_13bus_v2": [
      -42.24743340731896,
      -28.52700898297579,
      -22.63046601159064,
      -20.886571009286016,
      -18.494150666748038,
      -16.83866240889463,
      -16.47368986102229,
      -16.00673591317123,
      -15.015288807045417,
      -15.199230116844031,
      -15.459108099476284,
      -15.2204155521271,
      -14.641662426476415,
      -14.823322336583859,
      -14.78782962548987,
      -15.015314270990812,
      -14.812443851539683,
      -14.944222865326301,
      -15.300781916752781,
      -14.88664895227155,
      -14.965952396468321,
      -15.03891348241238,
      -14.929301274978457,
      -14.781182441157805,
      -15.227586753113494,
      -15.545970556007788,
      -15.300829725989338,
      -15.729047383652935,
      -15.310356442312207,
      -15.20767327603364,
      -15.340294548937857,
      -15.428873725696413,
      -15.167722588403072,
      -14.836043764534432,
      -15.179192000193954,
      -15.112770764999194,
      -14.608204366855434,
      -15.031601670932487,
      -15.0780225733131,
      -14.803804827760523,
      -15.057792017502798,
      -15.267734107348149,
      -14.966487767192596,
      -14.745232422324115,
      -15.124096779768811,
      -15.058064400633622,
      -14.646151945476129,
      -15.342196592030815,
      -14.991128801522766,
      -14.799435934552761
    ],
    "Utility_C_13bus_v3": [
      -39.431183266457005,
      -27.87579218992927,
      -21.259104603198463,
      -17.637517483732182,
      -15.811503206645778,
      -14.258827753029204,
      -13.741983947465098,
      -13.523179668556208,
      -13.093395603851363,
      -13.254291661988665,
      -12.868982802465727,
      -12.553474729574598,
      -12.820693175097432,
      -12.785109177499152,
      -12.498557958893926,
      -12.875969852104697,
      -12.783380433373479,
      -12.789651037257109,
      -13.068022792531966,
      -13.168858086685756,
      -12.7535202126006,
      -12.652768879391527,
      -13.369667328097247,
      -12.768522589706697,
      -12.82574584458254,
      -13.395525758808514,
      -13.169327140601167,
      -13.159322483595144,
      -13.397926617303487,
      -13.395654941650704,
      -12.850502516957032,
      -13.266762626549783,
      -13.374344350213583,
      -13.287346550173213,
      -13.465488974661675,
      -13.36384918568784,
      -13.504363728982643,
      -13.467660219834878,
      -13.735138195929295,
      -13.464278653068021,
      -13.638081820297396,
      -13.797940080852927,
      -13.845362128921016,
      -13.402973960199667,
      -13.796923849562623,
      -14.11747741393255,
      -14.10668143439705,
      -13.822368718647667,
      -13.762454407883762,
      -13.985790260123924
    ]
  }
}