{
  "condition": "local_only",
  "seed": 1,
  "client_seeds": [
    1,
    8,
    15
  ],
  "env": "VVCEnvOpenDSS (real 3-phase AC, IEEE 13-bus)",
  "n_rounds": 50,
  "local_steps": 1000,
  "reward_scale": 1.0,
  "results": {
    "Utility_A_13bus": -12.598258969413756,
    "Utility_B_13bus_v2": -14.84768304796001,
    "Utility_C_13bus_v3": -14.25945381974513
  },
  "curves": {
    "Utility_A_13bus": [
      -40.967260240763544,
      -28.65347102985079,
      -22.22214225290865,
      -19.210061258905107,
      -17.855042344050005,
      -15.861532092161733,
      -15.375798177136359,
      -14.957277786405974,
      -14.210102948820593,
      -14.534821251710724,
      -13.8905189133026,
      -14.13579173600957,
      -14.053390029497612,
      -13.910849117649393,
      -13.834561283738287,
      -13.437986486012699,
      -13.53344332099855,
      -13.56296776234912,
      -13.148105202324755,
      -13.092782394066708,
      -12.926977984730927,
      -12.97268546759164,
      -13.170053947521305,
      -12.895024320575637,
      -13.094198194283017,
      -13.05718623406566,
      -12.696858150439544,
      -13.200172221010648,
      -12.853354076546072,
      -12.705829090520846,
      -12.815922521791123,
      -12.83297644927606,
      -12.93403369814988,
      -12.318664643697808,
      -12.609843595242543,
      -12.869017918198075,
      -12.707161918288563,
      -12.521019902253071,
      -12.794110057326707,
      -12.797654110249296,
      -12.751536033625221,
      -12.96675619822249,
      -12.779063871264027,
      -12.558217070958557,
      -12.494260031261225,
      -12.5555053915533,
      -12.365320444676021,
      -12.617628496605855,
      -12.579538764295576,
      -12.314763391675289
    ],
    "Utility_B_13bus_v2": [
      -40.929899352942826,
      -27.213610260988382,
      -22.35437910148718,
      -19.925235461310322,
      -17.528656246800722,
      -16.200410246602853,
      -15.150950386973452,
      -14.780121224811426,
      -13.826466370360608,
      -14.271114541135889,
      -13.804072088067816,
      -13.840839730805323,
      -13.351421873666476,
      -13.601067884630444,
      -13.32409427344021,
      -13.578887631732593,
      -13.162855907743767,
      -13.658022342364658,
      -14.600400529778096,
      -14.1590509236838,
      -14.035978393563882,
      -14.1383184143906,
      -14.325685337924916,
      -14.451558225387796,
      -14.432305294036125,
      -14.495870533237017,
      -14.539961711824159,
      -14.800483473973966,
      -14.649579038907811,
      -14.630488867004068,
      -14.726446324207902,
      -14.798578472225861,
      -14.753753992421268,
      -14.745890490639248,
      -14.468754599522478,
      -14.794193486775539,
      -15.029231305724974,
      -15.013071497160512,
      -14.865311298084517,
      -14.785401790782505,
      -14.981272502621852,
      -15.020777121459917,
      -14.66749868424645,
      -14.698242198324113,
      -15.120978846888441,
      -14.94746845072319,
      -14.59241973041692,
      -14.990808950915776,
      -14.60441471717783,
      -14.852949276825603
    ],
    "Utility_C_13bus_v3": [
      -39.836012307106195,
      -28.81775655443358,
      -23.011562462618,
      -19.362280048070822,
      -17.11904179295824,
      -15.689815558858582,
      -14.774717780791171,
      -14.68275495679901,
      -14.313141728587672,
      -14.533087096295969,
      -13.965089709116913,
      -13.716846031117113,
      -14.05628070709748,
      -13.959973781763788,
      -13.876138308050317,
      -14.235049436959713,
      -13.856288535270897,
      -13.64322778318385,
      -14.329216423882016,
      -14.004929093523373,
      -13.643537938404545,
      -13.5620351634465,
      -14.125160425640022,
      -14.035973134817812,
      -13.808758941069716,
      -14.191133921323743,
      -13.681412487039527,
      -13.977412309197753,
      -14.295882317047012,
      -14.172968986726936,
      -13.706344039890704,
      -13.723801217584734,
      -14.134331411306656,
      -13.97547648508554,
      -14.004148802863682,
      -14.012670911561774,
      -14.072529514955235,
      -14.26348060514871,
      -13.97167818128526,
      -13.99068384881135,
      -14.138769389405672,
      -14.219335734865728,
      -14.331962970530295,
      -13.874615840520109,
      -14.424236258657709,
      -14.38524699894694,
      -14.324987797998535,
      -14.222278734263162,
      -14.294470914977188,
      -14.378633557285966
    ]
  }
}