{
  "condition": "local_only",
  "seed": 0,
  "client_seeds": [
    0,
    7,
    14
  ],
  "env": "VVCEnvOpenDSS (real 3-phase AC, IEEE 13-bus)",
  "n_rounds": 50,
  "local_steps": 1000,
  "reward_scale": 1.0,
  "results": {
    "Utility_A_13bus": -14.581999983028629,
    "Utility_B_13bus_v2": -11.781432783101831,
    "Utility_C_13bus_v3": -13.8500644998223
  },
  "curves": {
    "Utility_A_13bus": [
      -43.173293004426306,
      -32.08528873195579,
      -25.544152697791805,
      -20.65383813177633,
      -19.051406511953218,
      -16.084190237561923,
      -16.518161608848228,
      -15.35409087331459,
      -14.991476425284118,
      -13.939125189431273,
      -13.269696049476273,
      -13.002540465127606,
      -13.27050385417161,
      -13.268266186591415,
      -13.098045530604242,
      -13.413251266064158,
      -12.416728316143484,
      -13.223758535182043,
      -12.647827319005737,
      -12.809585616058188,
      -13.480420772156496,
      -13.432884584890076,
      -13.759689264310435,
      -13.882329633336143,
      -13.838122285833546,
      -14.127979886801985,
      -14.036232322675286,
      -14.271981750164231,
      -14.306370635701954,
      -14.307720574971704,
      -14.320815644771317,
      -14.582073917287175,
      -14.870434706432695,
      -14.110851718149682,
      -14.754536125623748,
      -14.30433667840273,
      -14.369494552318878,
      -14.857176986341065,
      -14.180309861173555,
      -14.312097043425073,
      -14.197724843838111,
      -14.743201767561889,
      -14.68966941745826,
      -14.576212361191804,
      -14.761229533290262,
      -14.667509497536626,
      -14.636972109028909,
      -14.493086416333712,
      -14.37871037954156,
      -14.675683504505153
    ],
    "Utility_B_13bus_v2": [
      -41.9264789763801,
      -29.425788971418907,
      -21.368711159845866,
      -17.672019019475027,
      -15.959695490727562,
      -14.267930613885012,
      -13.087486101671344,
      -12.307979673609875,
      -11.9107835247886,
      -11.506484936334129,
      -11.196593081203872,
      -11.272990314785826,
      -11.126653264753333,
      -10.862279248860915,
      -10.990122721701784,
      -11.0074801689996,
      -10.78189137999999,
      -11.225797624034913,
      -10.96968910544741,
      -11.088998650327518,
      -10.846288000615186,
      -10.870100079956579,
      -10.978851930171585,
      -10.76337104927641,
      -10.90811474279455,
      -11.28411244178696,
      -11.521124138062834,
      -11.287144799201828,
      -11.445455830851534,
      -11.351004789842367,
      -11.789926487824564,
      -11.354649953847359,
      -11.093081629582295,
      -11.637589573927958,
      -11.745220448641764,
      -11.57931819984351,
      -11.468140488313217,
      -11.486854726908119,
      -11.459416410183504,
      -11.859112942255322,
      -11.779984358489102,
      -11.58664470318238,
      -12.110694534416076,
      -11.803585627265514,
      -11.569872635909121,
      -11.595019056340892,
      -11.853913060650056,
      -11.866177755605124,
      -11.753409501452548,
      -11.8950265977075
    ],
    "Utility_C_13bus_v3": [
      -39.89276437726863,
      -28.72793019075546,
      -21.74055260055957,
      -18.08648761034848,
      -16.64018593887065,
      -14.722716342262837,
      -14.56845657532501,
      -13.608184495039836,
      -13.528308541642232,
      -13.713216344059006,
      -12.809074905282586,
      -12.500001087203445,
      -12.83568661246812,
      -12.352293459615538,
      -12.86333616434959,
      -12.598258104142666,
      -12.320755143450777,
      -12.722173053311305,
      -12.499533760521292,
      -12.318477910964244,
      -13.115191949032276,
      -13.164960171795956,
      -13.049763596343277,
      -13.474757350862369,
      -13.513326493132654,
      -14.148287613008213,
      -13.766699549114753,
      -13.549906701400722,
      -13.946190386389262,
      -13.526893052482128,
      -13.67211356122963,
      -14.062075175335933,
      -13.809367081777266,
      -13.767548561715735,
      -14.208129665056893,
      -13.729298816722507,
      -13.932380214205551,
      -13.869118178640514,
      -13.529577187231403,
      -13.660637653084807,
      -13.605077358514812,
      -13.861857696121527,
      -14.110539525133179,
      -14.07442968943841,
      -13.742644072831592,
      -13.622942368415346,
      -13.657073375839875,
      -14.17162073263423,
      -13.99051859472293,
      -13.663941584571115
    ]
  }
}