{
  "condition": "naive_fl",
  "seed": 2,
  "client_seeds": [
    2,
    9,
    16
  ],
  "env": "VVCEnvOpenDSS (real 3-phase AC, IEEE 13-bus)",
  "n_rounds": 50,
  "local_steps": 1000,
  "reward_scale": 1.0,
  "results": {
    "Utility_A_13bus": -12.284611004567816,
    "Utility_B_13bus_v2": -13.690089635777928,
    "Utility_C_13bus_v3": -14.121449351376194
  },
  "curves": {
    "Utility_A_13bus": [
      -41.14127129789524,
      -29.07054958925756,
      -22.940790650161112,
      -18.10923614355283,
      -15.710312872714146,
      -13.818745447951367,
      -13.124087234614604,
      -12.287581306131052,
      -12.197719312789822,
      -12.03083242952359,
      -11.895951925495522,
      -11.664524190789598,
      -11.393789397727653,
      -11.849763060140607,
      -11.367427313979618,
      -11.495071469789988,
      -11.673987729201503,
      -11.506786251994543,
      -11.746745005544533,
      -11.47723630561125,
      -11.62878542255649,
      -11.810493877153423,
      -11.651765814464856,
      -11.755141476628369,
      -11.615803824947376,
      -11.768199952474458,
      -12.142897526736867,
      -11.954968225560407,
      -11.858877736888575,
      -11.67694165954065,
      -11.932073817404119,
      -12.107119592686507,
      -12.004218891469257,
      -12.214766781787977,
      -11.78485893150547,
      -11.710888740947622,
      -11.94204806861873,
      -11.914255663032716,
      -12.258824289127947,
      -11.780606154966579,
      -12.07303228519349,
      -12.21111843922646,
      -12.193758133636111,
      -12.375420136189124,
      -12.386185748509792,
      -12.437537352266974,
      -12.131000704643988,
      -12.27145327397968,
      -12.168228556152922,
      -12.598375415879598
    ],
    "Utility_B_13bus_v2": [
      -41.8438193409769,
      -30.97324759457882,
      -24.323517393588553,
      -19.022993807847183,
      -16.763860542218122,
      -15.269214488679781,
      -14.85978097026614,
      -14.177683494005636,
      -13.696241759288494,
      -12.914938249067937,
      -13.346039401389303,
      -12.585769088622097,
      -12.739308890602599,
      -12.641883466975772,
      -12.509423558934852,
      -12.556574440784734,
      -12.854640211109327,
      -12.460667240092912,
      -12.718358462510684,
      -12.83487516799242,
      -12.988109631134945,
      -12.966950044938274,
      -13.372782490567888,
      -13.455608140567698,
      -13.515058021814005,
      -13.480409062325254,
      -13.44970075579346,
      -13.84804375121182,
      -13.379896696031194,
      -13.35535044543267,
      -13.668949805280423,
      -13.637826216669021,
      -13.48851221799358,
      -13.705087497276796,
      -13.792242223002809,
      -13.356081451875921,
      -13.664529635588318,
      -13.71061296027903,
      -13.638318954013165,
      -13.541885688811526,
      -13.977586247091198,
      -13.428086424652653,
      -13.653232827164905,
      -13.984356035957209,
      -13.67751865368155,
      -13.745025086738245,
      -13.290289589342024,
      -13.629145461380473,
      -13.81619307500871,
      -13.699462956762313
    ],
    "Utility_C_13bus_v3": [
      -41.31647135038044,
      -27.86922978216778,
      -21.843773465316474,
      -17.895501244166983,
      -16.242700107457818,
      -15.18110875766451,
      -14.45304600299772,
      -13.904449531917644,
      -13.609431337128528,
      -13.218104494209875,
      -13.011137182470495,
      -13.296831432954228,
      -12.487425209908093,
      -12.831065120813198,
      -13.095529317249374,
      -12.94296341211696,
      -13.405753642246648,
      -13.130779659894866,
      -13.6277840625663,
      -13.0326665744435,
      -13.274724305902273,
      -13.487721570184087,
      -12.985030210049416,
      -13.271345809964426,
      -13.617294422119233,
      -13.658481645026676,
      -13.266758106345085,
      -13.354442812099158,
      -13.46475055958309,
      -13.61269681635882,
      -13.542099867398464,
      -13.96452512515789,
      -13.588221814101857,
      -14.171463171629684,
      -14.155966929728983,
      -13.662765769440451,
      -13.791805076907215,
      -13.932999616357433,
      -14.082668504917653,
      -14.230310101369534,
      -14.09669819421342,
      -13.88108868553013,
      -14.114003736116253,
      -13.89203125593083,
      -14.187774141714716,
      -14.368355773367254,
      -14.56061999589042,
      -14.176054272200869,
      -13.986881065742079,
      -13.950986393055961
    ]
  }
}