{
  "condition": "local_only",
  "seed": 2,
  "client_seeds": [
    2,
    9,
    16
  ],
  "env": "VVCEnvOpenDSS (real 3-phase AC, IEEE 13-bus)",
  "n_rounds": 50,
  "local_steps": 1000,
  "reward_scale": 1.0,
  "results": {
    "Utility_A_13bus": -14.175169167412117,
    "Utility_B_13bus_v2": -13.752745514873862,
    "Utility_C_13bus_v3": -14.329383866307811
  },
  "curves": {
    "Utility_A_13bus": [
      -41.89089962610399,
      -29.958198585904444,
      -23.380918214418816,
      -18.923743276811518,
      -16.146801867586653,
      -14.809060763279593,
      -13.755810159227083,
      -12.956338328416484,
      -12.80006972315911,
      -12.561293753542579,
      -12.18425192707511,
      -11.869752098925858,
      -12.432391062016825,
      -12.639338186240016,
      -12.08069356042152,
      -12.548553643250344,
      -12.777726694932273,
      -12.476990158301733,
      -12.706190999704434,
      -12.860446987995308,
      -12.804816051008748,
      -13.123494684638612,
      -12.728872235950007,
      -12.934929022858721,
      -12.841088773443817,
      -13.110780172591387,
      -13.12276393867009,
      -13.209953506266835,
      -13.034421462056105,
      -13.246076170714609,
      -13.544609709964716,
      -13.706318793033356,
      -13.574797097541294,
      -13.633188051958092,
      -13.225081097852799,
      -13.332048562543472,
      -13.681642424885615,
      -13.69927785438757,
      -14.076878136760264,
      -13.734445022945723,
      -14.044791974171492,
      -14.078885712511676,
      -14.198524277260221,
      -14.51750669197381,
      -14.31717050068989,
      -14.258436658569785,
      -13.72361594060158,
      -14.350203188805075,
      -14.025025082332055,
      -14.237531647205595
    ],
    "Utility_B_13bus_v2": [
      -40.50527687156889,
      -30.8412278080023,
      -25.430055071346075,
      -20.45364172676219,
      -18.43358817499626,
      -15.981160919491492,
      -15.346645915198586,
      -14.639378363967175,
      -14.10689397433589,
      -13.33713345067304,
      -13.270136161725832,
      -13.119915152034892,
      -13.227417423524416,
      -13.052924893411396,
      -12.578090767609638,
      -13.172224091194641,
      -13.311810270486387,
      -12.89053045269416,
      -13.07388017464113,
      -13.378297494456037,
      -13.448917329801796,
      -13.54247767653216,
      -13.768108172383261,
      -13.753833245158384,
      -13.89745319982693,
      -13.635171628800746,
      -13.703298788925828,
      -14.06046203001153,
      -13.639788062651519,
      -13.79472628110811,
      -13.950383785577689,
      -14.048627403727986,
      -13.799721400991508,
      -14.243221896687547,
      -14.11440096554872,
      -13.617625476574197,
      -13.718167354291051,
      -13.790220038181484,
      -14.034154990511535,
      -13.970629419404176,
      -14.128706383646534,
      -13.486026417248892,
      -13.477539367341404,
      -14.016847431193513,
      -13.676483712655015,
      -13.949205884502678,
      -13.396776962713464,
      -13.65961614295835,
      -14.006570389203475,
      -13.729682457275313
    ],
    "Utility_C_13bus_v3": [
      -39.733302082082155,
      -26.2148414039979,
      -21.615552939167895,
      -18.254764099405797,
      -17.063622781208874,
      -16.190058252252207,
      -15.857294501789932,
      -15.240872461280405,
      -14.542674679950512,
      -14.171840261500185,
      -13.883129408323136,
      -14.202984264527345,
      -13.331984275362695,
      -13.525758244057918,
      -13.683226360285028,
      -13.850555674278525,
      -14.15468163556334,
      -13.671316399060139,
      -14.22987056915091,
      -14.162802616591232,
      -13.839855688749026,
      -14.203703226672044,
      -13.850254549869954,
      -14.016804745222162,
      -14.26465218701823,
      -14.259327609174301,
      -14.210914096775111,
      -14.162905904656125,
      -14.16314518134988,
      -14.17543116580755,
      -14.301026538739897,
      -14.920812553580456,
      -14.24212482754613,
      -14.721712147492637,
      -14.565592803576994,
      -14.301355874273554,
      -14.426654100995876,
      -14.546565867829406,
      -14.65565490781439,
      -14.460681861409041,
      -14.500986252344308,
      -14.154126356569106,
      -14.373792163340173,
      -14.396644203562172,
      -14.429498440249107,
      -14.534727796658169,
      -14.42677787474666,
      -14.301134106758875,
      -14.088216844484103,
      -14.087934624365428
    ]
  }
}