{
  "condition": "aligned_fl",
  "seed": 0,
  "client_seeds": [
    0,
    7,
    14
  ],
  "env": "VVCEnvOpenDSS (real 3-phase AC, IEEE 13-bus)",
  "n_rounds": 50,
  "local_steps": 1000,
  "reward_scale": 1.0,
  "results": {
    "Utility_A_13bus": -13.92227848233323,
    "Utility_B_13bus_v2": -13.996488644960937,
    "Utility_C_13bus_v3": -13.66209855697899
  },
  "curves": {
    "Utility_A_13bus": [
      -43.8784512366611,
      -34.25146808132263,
      -24.767183934858046,
      -20.170081309406697,
      -18.025693744999366,
      -16.239854144752716,
      -16.192809703577648,
      -13.704456214028163,
      -13.804139952064943,
      -13.973195587486405,
      -13.807364886385374,
      -13.103703783184756,
      -13.018638216197408,
      -13.237667802523664,
      -12.673101079268825,
      -12.795457751259056,
      -12.046224954788457,
      -12.595207388483873,
      -12.387753383830184,
      -12.291958107432318,
      -12.631718600045161,
      -12.582091712070683,
      -13.122883164178331,
      -12.584938922907778,
      -12.78067892398378,
      -12.930797204438582,
      -12.868611405211347,
      -13.196872611391822,
      -13.080976805354902,
      -13.264685166007117,
      -13.045722725290599,
      -13.462202895538208,
      -13.758779661360988,
      -13.241402426797464,
      -13.808564239223942,
      -13.551839453435713,
      -13.538527999672045,
      -13.877578140095926,
      -13.471680552348314,
      -13.35711378190438,
      -13.717886270363335,
      -14.104618170829806,
      -13.977312864772378,
      -13.79596802325358,
      -13.98055812464682,
      -13.88412525681165,
      -13.985297581246957,
      -13.988557821588035,
      -13.778257211357225,
      -14.010203498462504
    ],
    "Utility_B_13bus_v2": [
      -41.716549887137276,
      -30.267606585559168,
      -23.33456536548702,
      -19.43084455117075,
      -17.799988391219433,
      -16.187282526575455,
      -15.769618474993976,
      -14.772673384482962,
      -14.202564625492924,
      -13.561177571209084,
      -13.12219378054517,
      -13.022697077135955,
      -12.941047193233647,
      -12.684492714896093,
      -13.00277386331432,
      -12.808008692484883,
      -12.758863123848133,
      -13.227856489874991,
      -13.040318838132338,
      -13.174811768032036,
      -12.948315343034373,
      -13.301999968010428,
      -13.368272780193088,
      -13.348386990041961,
      -13.197252108499173,
      -13.827218217579789,
      -13.873891013040732,
      -13.667835941759137,
      -13.942559879535246,
      -13.894833139585167,
      -14.308434963318197,
      -14.01461925883586,
      -13.695002330409524,
      -14.141815480713069,
      -14.084036121813309,
      -13.790850369332723,
      -13.908434178484324,
      -13.658159379013362,
      -13.699119846189374,
      -14.116586752542885,
      -13.79462305290779,
      -13.668714142458947,
      -14.423857939152352,
      -14.11192238594262,
      -14.05518163456576,
      -13.955666164588063,
      -14.103267214912732,
      -13.895915124726416,
      -13.965625021808938,
      -13.990113768545765
    ],
    "Utility_C_13bus_v3": [
      -39.89693664460727,
      -30.69196649815461,
      -23.14024784544204,
      -19.07316981437693,
      -17.609439716984454,
      -15.753355021937518,
      -15.275709413891194,
      -14.05706077004257,
      -13.224360221782051,
      -13.116176062334896,
      -12.54240007122884,
      -12.304091187596452,
      -12.230448944344355,
      -12.01132823549161,
      -12.239659684369554,
      -12.459861799528687,
      -11.82458073707661,
      -12.313278138575136,
      -12.493508951957093,
      -12.280684077095485,
      -12.332980623198235,
      -12.683705129539858,
      -12.346630965310531,
      -12.357887452032909,
      -12.21829350596359,
      -12.594111701468266,
      -12.387519455765341,
      -12.686046043946847,
      -12.527886828396039,
      -12.422069329166305,
      -12.753900098290393,
      -12.826722301958842,
      -12.967669197478616,
      -13.017834506165494,
      -13.291880055547864,
      -12.887772677493663,
      -13.14440484005787,
      -13.150293373066718,
      -12.97138532717259,
      -13.643702161651767,
      -13.44103424750787,
      -13.637401798020887,
      -13.76748643512419,
      -13.776583634642723,
      -13.663422442771607,
      -13.736877912692815,
      -13.406219384415195,
      -13.9481364304438,
      -13.698471263131395,
      -13.54535202103943
    ]
  }
}