{
  "condition": "aligned_fl",
  "seed": 1,
  "client_seeds": [
    1,
    8,
    15
  ],
  "env": "VVCEnvOpenDSS (real 3-phase AC, IEEE 13-bus)",
  "n_rounds": 50,
  "local_steps": 1000,
  "reward_scale": 1.0,
  "results": {
    "Utility_A_13bus": -13.341596633367914,
    "Utility_B_13bus_v2": -14.884318158411414,
    "Utility_C_13bus_v3": -15.528932577754066
  },
  "curves": {
    "Utility_A_13bus": [
      -40.8874692734893,
      -28.18614704728818,
      -22.090027554824033,
      -19.24268674533882,
      -18.100998013898305,
      -16.69021292286813,
      -16.209177226063947,
      -15.08714107804497,
      -14.816089666036264,
      -14.765239958292414,
      -14.15265515212207,
      -14.621526446888893,
      -14.288726968921903,
      -14.126022368805787,
      -14.038531600834517,
      -13.831939527419658,
      -13.662073595636008,
      -13.984551818281448,
      -13.678553189165976,
      -13.603104051152606,
      -13.38049118829458,
      -13.600536460416862,
      -13.755788574857883,
      -13.333047664695966,
      -13.860285504688196,
      -13.412910313051196,
      -13.275287283012652,
      -13.545158302560932,
      -13.333780180769828,
      -13.466053338112507,
      -13.310783146945901,
      -13.577074590727115,
      -13.627531742727841,
      -12.967761843232656,
      -13.182278096828213,
      -13.584340178334877,
      -13.438433707711724,
      -13.117070644862679,
      -13.258315680770432,
      -13.468967077803097,
      -13.494283253842246,
      -13.750770976451824,
      -13.598330543622113,
      -13.117869339897416,
      -13.18070216367028,
      -13.295484588514737,
      -13.176985979521358,
      -13.315454728864804,
      -13.29303404923338,
      -13.193050710060982
    ],
    "Utility_B_13bus_v2": [
      -41.257170981216035,
      -27.84962420931772,
      -21.786150354918185,
      -18.37862543723542,
      -16.758850070016017,
      -16.020556870215437,
      -16.11788532737172,
      -15.745036395495301,
      -15.196222042170838,
      -15.138675345446664,
      -15.245647506014528,
      -15.478761603362258,
      -14.434188765161155,
      -14.919738221826991,
      -14.881032715643,
      -15.116432957506596,
      -14.767366609276188,
      -15.297375217416516,
      -15.66980076226856,
      -15.284989911858453,
      -15.208998542567809,
      -15.047509794585181,
      -15.129249326226617,
      -15.028408970570938,
      -15.09447863976336,
      -15.277158935216066,
      -15.068651260431851,
      -15.183266687164023,
      -15.109679788638893,
      -14.813364727233905,
      -14.923246304258416,
      -15.033884015289113,
      -14.964392357858074,
      -14.862837211154506,
      -14.90270983753987,
      -14.871929880231244,
      -14.80154302174589,
      -14.919320898547229,
      -14.848085922348321,
      -14.804111634516053,
      -14.829933036737874,
      -15.314023318507196,
      -14.976122859797762,
      -14.436165104281994,
      -15.013476679573659,
      -15.040274157160312,
      -14.552700137474792,
      -15.037406784868491,
      -14.907359654984965,
      -14.735719850727122
    ],
    "Utility_C_13bus_v3": [
      -41.8780782321585,
      -30.414036287301272,
      -24.75022487909851,
      -23.214247590926036,
      -21.31046758513257,
      -19.693874103745905,
      -18.24025367742121,
      -17.91243969467208,
      -17.06481877989467,
      -17.007119686830386,
      -16.055842240464195,
      -16.2518241150148,
      -16.17931552306914,
      -15.888394252117491,
      -15.42594317841659,
      -15.685408653002042,
      -15.255172921269915,
      -14.900197988931403,
      -15.317718151025346,
      -15.136877305633325,
      -14.68667790470565,
      -14.75879624325768,
      -15.245015459671915,
      -15.438279063789123,
      -15.006653035004744,
      -15.633484832270543,
      -15.358805286370076,
      -15.410273945309083,
      -15.729184892994043,
      -15.586340480992284,
      -15.077600293115314,
      -15.262791647547157,
      -15.210731193923484,
      -15.36669745836276,
      -15.437573114259145,
      -15.220428934148378,
      -15.403421286795744,
      -15.2448696143671,
      -15.41656386026464,
      -15.244719950903292,
      -15.394789612328871,
      -15.696774586938833,
      -15.797271629007142,
      -15.147184977754577,
      -15.338322926680814,
      -15.604428273844103,
      -15.712622984208927,
      -15.42451904380323,
      -15.503631964470657,
      -15.669779778503498
    ]
  }
}