{
  "reward": -8.39525688221259,
  "reward_std": 6.683613686732451,
  "ctrl_ratio": 89.16666666666666,
  "ctrl_std": 12.59684704819248,
  "react_loss": 0.04169390096993449,
  "react_std": 0.009761093598225514,
  "avg_voltage": 0.9925821157793205,
  "avgv_std": 0.0038095912521495454
}