{
  "reward": -5.686916860750641,
  "reward_std": 0.4894690740209813,
  "ctrl_ratio": 73.95833333333334,
  "ctrl_std": 12.210181885077171,
  "react_loss": 0.03987713957928489,
  "react_std": 0.008710506301626297,
  "avg_voltage": 1.0072856397678454,
  "avgv_std": 0.003355514712017604
}