{
  "reward": -5.120662135293144,
  "reward_std": 0.8906895068443296,
  "ctrl_ratio": 98.95833333333333,
  "ctrl_std": 4.540519732854871,
  "react_loss": 0.03739415776475587,
  "react_std": 0.012423947666459188,
  "avg_voltage": 1.00302572970589,
  "avgv_std": 0.005048375153704896
}