{
  "reward": -15.447035231160987,
  "reward_std": 24.265610368733924,
  "ctrl_ratio": 89.58333333333334,
  "ctrl_std": 19.43203969393503,
  "react_loss": 0.036300953665466075,
  "react_std": 0.010866828614925102,
  "avg_voltage": 0.9968235385914644,
  "avgv_std": 0.004377320772721102
}