{
  "reward": -34.341534146529064,
  "reward_std": 35.422815473184876,
  "ctrl_ratio": 56.666666666666664,
  "ctrl_std": 18.22886904518947,
  "react_loss": 0.04041796412475729,
  "react_std": 0.007335950423129437,
  "avg_voltage": 0.9925009715060392,
  "avgv_std": 0.002572899636028517
}