{
  "mlp": {
    "reward": -4.71344584039281,
    "viol": 4.9
  },
  "gnn": {
    "reward": -6.316571733727583,
    "viol": 79.7
  }
}