{
  "mlp": {
    "reward": -5.0275694140477984,
    "viol": 2.8
  },
  "gnn": {
    "reward": -9.468040228943805,
    "viol": 209.2
  }
}