{
  "mlp": {
    "reward": -5.588894223205133,
    "viol": 6.9
  },
  "gnn": {
    "reward": -5.567134275006175,
    "viol": 7.5
  }
}