{
  "mlp": {
    "reward": -4.977254650839667,
    "viol": 9.5
  },
  "gnn": {
    "reward": -4.795469985960347,
    "viol": 0.0
  }
}