{
  "mlp": {
    "reward": -5.725010399561095,
    "viol": 135.2
  },
  "gnn": {
    "reward": -4.893949376501146,
    "viol": 33.9
  }
}