{
  "mlp": {
    "reward_mean": -4.870507627220304,
    "reward_std": 0.1570617868274944,
    "viol_mean": 3.85
  },
  "gnn": {
    "reward_mean": -7.892305981335694,
    "reward_std": 1.5757342476081106,
    "viol_mean": 144.45
  }
}