{
  "local_only": {
    "Utility_A_13bus": {
      "mean": -13.785142706618167,
      "std": 0.8555300822157109,
      "n": 3,
      "seeds": [
        -14.581999983028629,
        -12.598258969413756,
        -14.175169167412117
      ]
    },
    "Utility_B_13bus_v2": {
      "mean": -13.460620448645235,
      "std": 1.2687199487212881,
      "n": 3,
      "seeds": [
        -11.781432783101831,
        -14.84768304796001,
        -13.752745514873862
      ]
    },
    "Utility_C_13bus_v3": {
      "mean": -14.146300728625079,
      "std": 0.21140715896824053,
      "n": 3,
      "seeds": [
        -13.8500644998223,
        -14.25945381974513,
        -14.329383866307811
      ]
    }
  },
  "naive_fl": {
    "Utility_A_13bus": {
      "mean": -13.18285772860627,
      "std": 0.9056439550155079,
      "n": 3,
      "seeds": [
        -14.422646049346849,
        -12.841316131904147,
        -12.284611004567816
      ]
    },
    "Utility_B_13bus_v2": {
      "mean": -14.048147552179826,
      "std": 0.6797797329511239,
      "n": 3,
      "seeds": [
        -13.454520943926287,
        -14.999832076835258,
        -13.690089635777928
      ]
    },
    "Utility_C_13bus_v3": {
      "mean": -13.99584325414343,
      "std": 0.12369091959494484,
      "n": 3,
      "seeds": [
        -14.03847500357224,
        -13.82760540748186,
        -14.121449351376194
      ]
    }
  },
  "aligned_fl": {
    "Utility_A_13bus": {
      "mean": -13.738397493926419,
      "std": 0.2808309175729117,
      "n": 3,
      "seeds": [
        -13.92227848233323,
        -13.341596633367914,
        -13.951317366078115
      ]
    },
    "Utility_B_13bus_v2": {
      "mean": -14.203144376808401,
      "std": 0.4939202674496409,
      "n": 3,
      "seeds": [
        -13.996488644960937,
        -14.884318158411414,
        -13.728626327052847
      ]
    },
    "Utility_C_13bus_v3": {
      "mean": -14.58497375381197,
      "std": 0.762277598070356,
      "n": 3,
      "seeds": [
        -13.66209855697899,
        -15.528932577754066,
        -14.563890126702859
      ]
    }
  }
}