{
  "n_seeds": 3,
  "n_steps": 50000,
  "qe_sac": {
    "mean": -160.49323934016593,
    "std": 0.6552827063868409,
    "rewards": [
      -161.04657070913478,
      -159.57278686254205,
      -160.86036044882096
    ]
  },
  "classical_sac": {
    "mean": -164.4331766248727,
    "std": 4.421280833037887,
    "rewards": [
      -169.43767911585203,
      -158.68472723074538,
      -165.17712352802067
    ]
  },
  "variance_ratio": 6.747134923514705,
  "h1_supported": true
}