{
  "n_seeds": 3,
  "n_steps": 50000,
  "adaptive_cae": {
    "mean": -157.88785451513667,
    "std": 1.5341271330898576
  },
  "frozen_cae": {
    "mean": -160.81497100858942,
    "std": 2.370152733783752,
    "rewards": [
      -163.80142255136812,
      -160.63979924184858,
      -158.00369123255157
    ]
  },
  "reward_drop": -2.9271164934527576,
  "std_change": 0.8360256006938944,
  "h2_supported": true
}