{
  "0.001": {
    "mean_output_diff": 0.007114953797157434,
    "std_output_diff": 0.006775625214830854
  },
  "0.005": {
    "mean_output_diff": 0.03390417625356009,
    "std_output_diff": 0.031938129432199924
  },
  "0.01": {
    "mean_output_diff": 0.06396236417919815,
    "std_output_diff": 0.05950676535818786
  }
}