{
  "QE-SAC": {
    "mean_reward": -160.49323934016593,
    "std_reward": 0.6552827063868409,
    "total_vviols": 1154727,
    "n_params": 11430
  },
  "Classical SAC": {
    "mean_reward": -164.4331766248727,
    "std_reward": 4.421280833037887,
    "total_vviols": 1128630,
    "n_params": 110724
  }
}