{
  "n_seeds": 3,
  "n_steps": 50000,
  "unconstrained": {
    "mean": -160.49323934016593,
    "std": 0.6552827063868409,
    "total_vviols": 1154727
  },
  "constrained": {
    "mean": -171.83027840649956,
    "std": 11.724408866837654,
    "total_vviols": 1168194
  },
  "reward_cost": -11.337039066333631,
  "vviol_reduction_pct": -1.1662496849904784,
  "final_lambdas": [
    0.0,
    0.0,
    0.0
  ]
}