{
  "Utility_A_13bus": {
    "mean": -14.493026155375754,
    "std": 0.07519330631347883,
    "n": 3,
    "seeds": [
      -14.420059018858703,
      -14.570263632106096,
      -14.488755815162463
    ]
  },
  "Utility_B_34bus": {
    "mean": -2.0434382126686317,
    "std": 0.4648466394284115,
    "n": 3,
    "seeds": [
      -1.8972802693203321,
      -2.563798739836672,
      -1.6692356288488919
    ]
  },
  "Utility_C_123bus": {
    "mean": -0.09317889198079747,
    "std": 0.0030836421691525485,
    "n": 3,
    "seeds": [
      -0.08962233375569177,
      -0.0948087823439431,
      -0.09510555984275751
    ]
  }
}