{
  "0": {
    "local_only": {
      "Utility_A_13bus": -14.389132356441703,
      "Utility_B_34bus": -3.8334811954799313,
      "Utility_C_123bus": -0.0929992972393728
    },
    "naive_fl": {
      "Utility_A_13bus": -14.436512573500266,
      "Utility_B_34bus": -3.745311595438287,
      "Utility_C_123bus": -0.09549337140694326
    },
    "aligned_fl": {
      "Utility_A_13bus": -14.393428310431243,
      "Utility_B_34bus": -3.752293678554085,
      "Utility_C_123bus": -0.09427616699459003
    }
  },
  "1": {
    "local_only": {
      "Utility_A_13bus": -14.561602469021441,
      "Utility_B_34bus": -3.8488383987929553,
      "Utility_C_123bus": -0.09514139630267614
    },
    "naive_fl": {
      "Utility_A_13bus": -14.553730470181105,
      "Utility_B_34bus": -3.761100437229512,
      "Utility_C_123bus": -0.09633338110312281
    },
    "aligned_fl": {
      "Utility_A_13bus": -14.518810805616088,
      "Utility_B_34bus": -3.7564400863072955,
      "Utility_C_123bus": -0.09531746521204654
    }
  },
  "2": {
    "local_only": {
      "Utility_A_13bus": -14.57582087781906,
      "Utility_B_34bus": -3.758784391987556,
      "Utility_C_123bus": -0.09680424782106258
    },
    "naive_fl": {
      "Utility_A_13bus": -14.504666570446995,
      "Utility_B_34bus": -3.641939565537906,
      "Utility_C_123bus": -0.09580335330379795
    },
    "aligned_fl": {
      "Utility_A_13bus": -14.531913831874954,
      "Utility_B_34bus": -3.865975134396643,
      "Utility_C_123bus": -0.0924599693371784
    }
  },
  "3": {
    "local_only": {
      "Utility_A_13bus": -14.632983160016376,
      "Utility_B_34bus": -3.832200918616156,
      "Utility_C_123bus": -0.09130559690277741
    },
    "naive_fl": {
      "Utility_A_13bus": -14.633807273580455,
      "Utility_B_34bus": -3.6477116035994066,
      "Utility_C_123bus": -0.09585334910274573
    },
    "aligned_fl": {
      "Utility_A_13bus": -14.630753138291638,
      "Utility_B_34bus": -3.9935923726374307,
      "Utility_C_123bus": -0.09273243648825737
    }
  },
  "4": {
    "local_only": {
      "Utility_A_13bus": -14.309804445499656,
      "Utility_B_34bus": -3.81567097736555,
      "Utility_C_123bus": -0.09863805828750816
    },
    "naive_fl": {
      "Utility_A_13bus": -14.246977066022728,
      "Utility_B_34bus": -3.812061851598437,
      "Utility_C_123bus": -0.09623287498395458
    },
    "aligned_fl": {
      "Utility_A_13bus": -14.277446825382574,
      "Utility_B_34bus": -3.6583380911715606,
      "Utility_C_123bus": -0.0988217617183503
    }
  }
}