{
  "condition": "QE-SAC-FL-Personalized",
  "n_rounds": 50,
  "bytes_communicated": 336000,
  "wall_time_seconds": 273.73299407958984,
  "logs": [
    {
      "client": "Utility_A_13bus",
      "round": 0,
      "reward": -164.98502495545353,
      "vviol": 38846,
      "steps": 5000,
      "vqc_grad_norm": 0.0001423331123078242
    },
    {
      "client": "Utility_C_123bus",
      "round": 0,
      "reward": -4034.510146615521,
      "vviol": 521460,
      "steps": 5000,
      "vqc_grad_norm": 0.016840266063809395
    },
    {
      "client": "Utility_B_34bus",
      "round": 0,
      "reward": -15.225979195587678,
      "vviol": 32422,
      "steps": 5000,
      "vqc_grad_norm": 2.878472926681752e-08
    }
  ]
}