{
  "qe_sac": {
    "reward_mean": -5.85183317377349,
    "reward_std": 1.127839026201261,
    "viol_mean": 2.0439583333333333,
    "viol_std": 1.71988660650524,
    "conv_mean": 35.69131538391113
  },
  "sac": {
    "reward_mean": -47.366096166902,
    "reward_std": 2.0350571644610134,
    "viol_mean": 18.81291666666667,
    "viol_std": 0.8342936133840004,
    "conv_mean": 3.8466747983296705
  }
}