{
  "mlp": {
    "local_only": {
      "Utility_A_13bus": {
        "mean": -14.46656198047807,
        "std": 0.022583598870789763,
        "n": 3,
        "seeds": [
          -14.435834990552573,
          -14.48946984251327,
          -14.474381108368371
        ]
      },
      "Utility_B_34bus": {
        "mean": -3.1190073615229514,
        "std": 0.025418138149162092,
        "n": 3,
        "seeds": [
          -3.083385392564405,
          -3.1326435267136676,
          -3.140993165290781
        ]
      },
      "Utility_C_123bus": {
        "mean": -0.09573329201255315,
        "std": 0.0005555736027892869,
        "n": 3,
        "seeds": [
          -0.09636407599955729,
          -0.09582358057500462,
          -0.09501221946309754
        ]
      }
    },
    "naive_fl": {
      "Utility_A_13bus": {
        "mean": -14.466222027231433,
        "std": 0.024106649641731374,
        "n": 3,
        "seeds": [
          -14.43232289128621,
          -14.486307240600004,
          -14.480035949808089
        ]
      },
      "Utility_B_34bus": {
        "mean": -3.1229884468614952,
        "std": 0.010791482172022783,
        "n": 3,
        "seeds": [
          -3.109217278800173,
          -3.135570549905882,
          -3.124177511878431
        ]
      },
      "Utility_C_123bus": {
        "mean": -0.09603109697706473,
        "std": 0.0004656224528900956,
        "n": 3,
        "seeds": [
          -0.09663403783925942,
          -0.09595887126340927,
          -0.09550038182852547
        ]
      }
    },
    "aligned_fl": {
      "Utility_A_13bus": {
        "mean": -14.469158623388239,
        "std": 0.03089285028776269,
        "n": 3,
        "seeds": [
          -14.429092444072813,
          -14.50427741006834,
          -14.47410601602356
        ]
      },
      "Utility_B_34bus": {
        "mean": -3.1603380532345935,
        "std": 0.01026359851824103,
        "n": 3,
        "seeds": [
          -3.174852466380499,
          -3.1531859184843967,
          -3.1529757748388856
        ]
      },
      "Utility_C_123bus": {
        "mean": -0.09588305565153539,
        "std": 0.0006361481879061444,
        "n": 3,
        "seeds": [
          -0.09660420267188957,
          -0.09598830078282743,
          -0.0950566634998892
        ]
      }
    }
  },
  "gnn": {
    "local_only": {
      "Utility_A_13bus": {
        "mean": -14.484265402513877,
        "std": 0.020509951635008482,
        "n": 3,
        "seeds": [
          -14.459165750230426,
          -14.48422583766386,
          -14.509404619647345
        ]
      },
      "Utility_B_34bus": {
        "mean": -3.683916587720597,
        "std": 0.016641544821401517,
        "n": 3,
        "seeds": [
          -3.7007610921830993,
          -3.6612602734154462,
          -3.6897283975632456
        ]
      },
      "Utility_C_123bus": {
        "mean": -0.09596130771131987,
        "std": 0.0006684603797036609,
        "n": 3,
        "seeds": [
          -0.09649983811282833,
          -0.09636490778224988,
          -0.09501917723888141
        ]
      }
    },
    "naive_fl": {
      "Utility_A_13bus": {
        "mean": -14.484015754530196,
        "std": 0.02063361443750446,
        "n": 3,
        "seeds": [
          -14.45941862079574,
          -14.482718188632166,
          -14.509910454162675
        ]
      },
      "Utility_B_34bus": {
        "mean": -3.688422502738337,
        "std": 0.010959632333598196,
        "n": 3,
        "seeds": [
          -3.688767032440487,
          -3.6748308010214785,
          -3.701669674753044
        ]
      },
      "Utility_C_123bus": {
        "mean": -0.09594859051078213,
        "std": 0.0005590201032790266,
        "n": 3,
        "seeds": [
          -0.09622608320847378,
          -0.09645093975999557,
          -0.095168748563877
        ]
      }
    },
    "aligned_fl": {
      "Utility_A_13bus": {
        "mean": -14.48363540691278,
        "std": 0.0190493299013979,
        "n": 3,
        "seeds": [
          -14.460542591364666,
          -14.483166954842293,
          -14.50719667453138
        ]
      },
      "Utility_B_34bus": {
        "mean": -3.688195539197759,
        "std": 0.026399637386248103,
        "n": 3,
        "seeds": [
          -3.691578260530376,
          -3.654304346567953,
          -3.7187040104949483
        ]
      },
      "Utility_C_123bus": {
        "mean": -0.09596993704884933,
        "std": 0.00048095197377025976,
        "n": 3,
        "seeds": [
          -0.09654101815819552,
          -0.09600435270449452,
          -0.095364440283858
        ]
      }
    }
  }
}