{
  "circuit": "deep",
  "seed": 0,
  "n_params": 32,
  "grad_norms": [
    0.0012064676266163588,
    0.0005497474921867251,
    0.001172835472971201,
    0.0026139889378100634,
    0.004078836180269718,
    0.002249497454613447,
    0.0015659877099096775,
    0.0010889462428167462,
    0.0005701903719455004,
    0.0005710755940526724,
    0.0010417471639811993,
    0.0023606654722243547,
    0.0010939182247966528,
    0.0027875553350895643,
    0.0008699761237949133,
    0.0011441472452133894,
    0.0013662490528076887,
    0.0021212217397987843,
    0.000996751245111227,
    0.0020940962713211775,
    0.000853882113005966,
    0.0022925520315766335,
    0.002063182182610035,
    0.0009583632927387953,
    0.0019567562267184258,
    0.005809321068227291,
    0.005732180085033178,
    0.002186958212405443,
    0.0011813826858997345,
    0.0019427654333412647
  ],
  "rewards": [
    -14.479049635928945,
    -14.531112598067569,
    -14.422281581532651,
    -14.53179751023174,
    -14.529610503170309,
    -14.588384471457713,
    -14.56164633334009,
    -14.452880923265573,
    -14.654533900447635,
    -14.372926696421096,
    -14.493831629752702,
    -14.564088464970848,
    -14.414516569639684,
    -14.362884974263066,
    -14.505369667083245,
    -14.457529695011356,
    -14.531902992633759,
    -14.51030761974291,
    -14.469135119323107,
    -14.531264888448757,
    -14.301021300921272,
    -14.412835825866281,
    -14.501463440792485,
    -14.512133565854821,
    -14.467769711832696,
    -14.503339724850191,
    -14.444496186589866,
    -14.423972744796684,
    -14.324133431256541,
    -14.450998220608437
  ],
  "final_reward": -14.429388061620344
}