{
  "circuit": "deep",
  "seed": 1,
  "n_params": 32,
  "grad_norms": [
    0.00014197704149410129,
    0.0005524526932276785,
    0.0005154666723683476,
    0.0008737397729419172,
    0.0011183315655216575,
    0.0007983694667927921,
    0.0007525119581259787,
    0.0016887940000742674,
    0.0006116707809269428,
    0.002006103051826358,
    0.0018703538225963712,
    0.00256972829811275,
    0.0008251002291217446,
    0.0018790565663948655,
    0.001159965991973877,
    0.0007237163372337818,
    0.0016775171970948577,
    0.0023721843026578426,
    0.0022430531680583954,
    0.0012557326117530465,
    0.0017304258653894067,
    0.001116519095376134,
    0.001470683142542839,
    0.0005921061965636909,
    0.00043406052282080054,
    0.0025384840555489063,
    0.0025990325957536697,
    0.002064675558358431,
    0.0021895274985581636,
    0.001611249870620668
  ],
  "rewards": [
    -14.453120234377064,
    -14.678623834267777,
    -14.574513750925925,
    -14.500597999012282,
    -14.42647541420115,
    -14.36342464939714,
    -14.538144396052065,
    -14.560660205447679,
    -14.488024807117505,
    -14.504129843867888,
    -14.560168193051537,
    -14.591793163462862,
    -14.55436441877235,
    -14.559855519678164,
    -14.596626293439419,
    -14.4037748151936,
    -14.541356897388235,
    -14.512655227734665,
    -14.590434887943127,
    -14.526960444182814,
    -14.733193117996706,
    -14.52828718128442,
    -14.522678778881067,
    -14.592492035644078,
    -14.471254557487589,
    -14.578448630263953,
    -14.60607301436047,
    -14.493000766906803,
    -14.42985467681383,
    -14.54250551419559
  ],
  "final_reward": -14.529976520508132
}