{
  "circuit": "no_ent",
  "seed": 0,
  "n_params": 16,
  "grad_norms": [
    0.0002050926850643009,
    0.0001754934201017022,
    0.00035670786746777594,
    0.0005027005099691451,
    0.002326957182958722,
    0.0017366154352203012,
    0.0006773905479349196,
    0.0004025177622679621,
    0.0011342372745275497,
    0.0002672353002708405,
    0.0005649211816489697,
    0.001668164157308638,
    0.0005607100902125239,
    0.001052024425007403,
    0.000334995798766613,
    0.001261520548723638,
    0.001174990669824183,
    0.0007546790293417871,
    0.0015875265235081315,
    0.0004274925740901381,
    0.00026257976423949003,
    0.0007712644292041659,
    0.0004559021326713264,
    0.000873622833751142,
    0.000900216051377356,
    0.002319487975910306,
    0.0033281000796705484,
    0.0009610216366127133,
    0.000600204337388277,
    0.001961217960342765
  ],
  "rewards": [
    -14.48324017238853,
    -14.523682095305645,
    -14.433390613336684,
    -14.548592323389247,
    -14.558372423866233,
    -14.618190547962591,
    -14.58620204578484,
    -14.4609696509668,
    -14.667247412730672,
    -14.376902575014123,
    -14.490845401305217,
    -14.561225956566298,
    -14.427395212592279,
    -14.355068221436646,
    -14.508955749633625,
    -14.467271567434453,
    -14.527906600636825,
    -14.520211414918421,
    -14.476220215052269,
    -14.52905688335944,
    -14.314035438985094,
    -14.421279846504342,
    -14.50846620114654,
    -14.51963842817265,
    -14.476072722036387,
    -14.504332605184487,
    -14.456991140327366,
    -14.424019615630716,
    -14.338971029005679,
    -14.46040579191804
  ],
  "final_reward": -14.436944036413257
}