{
  "circuit": "no_ent",
  "seed": 1,
  "n_params": 16,
  "grad_norms": [
    0.00014383872621692717,
    0.00031414040131494403,
    0.00040790135972201824,
    0.0005655182176269591,
    0.00015199198969639838,
    0.0006865367759019136,
    0.0007358960574492812,
    0.00033518060809001327,
    0.0004693557566497475,
    0.000419366144342348,
    0.0007147766882553697,
    0.000974563357885927,
    0.0003629856219049543,
    0.001674280734732747,
    0.00045735336607322097,
    0.0006496018613688648,
    0.0011257644509896636,
    0.000969490094576031,
    0.0017121030250564218,
    0.0012477233540266752,
    0.0013939565978944302,
    0.000627550994977355,
    0.0013684309087693691,
    0.0003937638539355248,
    0.000672772410325706,
    0.0011957486858591437,
    0.0011772846337407827,
    0.0018253986490890384,
    0.0023334079887717962,
    0.0007797847501933575
  ],
  "rewards": [
    -14.452968683345082,
    -14.674469572269068,
    -14.571185781526319,
    -14.49678392521175,
    -14.417986097206315,
    -14.341017081701239,
    -14.52447931379246,
    -14.552430183519698,
    -14.47748819242173,
    -14.489788247075536,
    -14.537680674935949,
    -14.557412994167699,
    -14.513865536807097,
    -14.512207440493947,
    -14.55126250556601,
    -14.349113976869331,
    -14.495574304523721,
    -14.464016414818522,
    -14.559249104118269,
    -14.472941812296778,
    -14.701617149901603,
    -14.492667470795784,
    -14.483293880933681,
    -14.566201030922038,
    -14.433559125617197,
    -14.534307691625214,
    -14.57551812930894,
    -14.47044053042938,
    -14.402533910073036,
    -14.497769453541784
  ],
  "final_reward": -14.496113942995668
}