{
  "circuit": "paper",
  "seed": 0,
  "n_params": 16,
  "grad_norms": [
    0.0001440472697140649,
    0.00019380699086468667,
    0.0005163031746633351,
    0.00026279949815943837,
    0.0014023050898686051,
    0.0009544529602862895,
    0.000776489672716707,
    0.00031976684113033116,
    0.0006961596081964672,
    0.00022531194554176182,
    0.0005841979873366654,
    0.0006403551669791341,
    0.0003479864390101284,
    0.0010690526105463505,
    0.0004159596574027091,
    0.00039105190080590546,
    0.0004804341297131032,
    0.001086012227460742,
    0.0009544368949718773,
    0.0004469207488000393,
    0.00018576635920908302,
    0.0009692794410511851,
    0.00017978284449782223,
    0.0006602052599191666,
    0.000992974964901805,
    0.0013151371385902166,
    0.002250282559543848,
    0.001001911237835884,
    0.0005299490294419229,
    0.001642585382796824
  ],
  "rewards": [
    -14.483519152508055,
    -14.531692972220206,
    -14.432912960603689,
    -14.547885531405152,
    -14.55937489499697,
    -14.610105787012868,
    -14.569535700913601,
    -14.461380012777651,
    -14.668704245302592,
    -14.381184468637082,
    -14.488769722246353,
    -14.569017148627132,
    -14.425477763429335,
    -14.364790429212679,
    -14.50577536332547,
    -14.467553776788547,
    -14.515811199044906,
    -14.503256292489807,
    -14.46316268891662,
    -14.5351209826703,
    -14.29718295132626,
    -14.410029764027527,
    -14.493701221170097,
    -14.516361946476419,
    -14.47569731342322,
    -14.50997544672543,
    -14.437910249396948,
    -14.424252190468367,
    -14.337839304665092,
    -14.45510959680723
  ],
  "final_reward": -14.433017357612613
}