{
  "circuit": "paper",
  "seed": 1,
  "n_params": 16,
  "grad_norms": [
    0.00017252936959266663,
    0.00025107941473834217,
    0.00020136192324571311,
    0.00035885596298612654,
    0.00016711755597498268,
    0.0002836266939993948,
    0.00034736827365122736,
    0.00021950672089587897,
    0.00037651124875992537,
    0.00020736952137667686,
    0.0002544506569392979,
    0.0005069368635304272,
    0.0003861843142658472,
    0.0007031005807220936,
    0.0004938428173772991,
    0.0005284503567963839,
    0.0007347077480517328,
    0.0004218387184664607,
    0.0008954351069405675,
    0.00033826346043497324,
    0.0007065722602419555,
    0.00019303717999719083,
    0.0006228694692254066,
    0.0005624964833259583,
    0.00048271898413076997,
    0.0008312781574204564,
    0.0018697903724387288,
    0.0020892852917313576,
    0.0015041386941447854,
    0.0008713161805644631
  ],
  "rewards": [
    -14.457340664257272,
    -14.675738411689276,
    -14.567912440441194,
    -14.495201101149478,
    -14.410347964150443,
    -14.353178717987783,
    -14.533604319752074,
    -14.56387081342115,
    -14.494942963467132,
    -14.509992131768039,
    -14.555289045557116,
    -14.589968829220371,
    -14.539504066052983,
    -14.547880931568374,
    -14.57805603092473,
    -14.384139694331505,
    -14.50770931729441,
    -14.491363668920805,
    -14.578854135415662,
    -14.512384231948356,
    -14.716504632832011,
    -14.507246349367813,
    -14.51554207308381,
    -14.577686809645412,
    -14.458386938257412,
    -14.571985448301092,
    -14.591213540622496,
    -14.47509551712396,
    -14.42307394311754,
    -14.523247090254424
  ],
  "final_reward": -14.516923107883903
}