{
  "circuit": "ring",
  "seed": 1,
  "n_params": 16,
  "grad_norms": [
    0.00022612746397498995,
    0.00041430399869568646,
    0.0002779310161713511,
    0.0003811395727097988,
    0.0006808026810176671,
    0.0002890076139010489,
    0.0006736781215295196,
    0.00025185305275954306,
    0.0002293552679475397,
    0.0007170928292907774,
    0.001198955811560154,
    0.0014820592477917671,
    0.0005044200224801898,
    0.0004470729036256671,
    0.0005331706488505006,
    0.00016806978965178132,
    0.0011756018502637744,
    0.0002100747951772064,
    0.0005885074497200549,
    0.0005105758318677545,
    0.0016082823276519775,
    0.00013553629105444998,
    0.00048442697152495384,
    0.00019509033882059157,
    0.00031591980950906873,
    0.0003616373287513852,
    0.0009380827541463077,
    0.0013839846942573786,
    0.00036414919304661453,
    0.0008673866395838559
  ],
  "rewards": [
    -14.451115541463958,
    -14.67193415096092,
    -14.558306346646294,
    -14.478896191027518,
    -14.390148552736887,
    -14.327902732793124,
    -14.505025983213772,
    -14.55384275313142,
    -14.469138997568724,
    -14.477795491836682,
    -14.537327171787974,
    -14.527437136288956,
    -14.498331766160925,
    -14.507142867068207,
    -14.563558798508492,
    -14.35547246958499,
    -14.489865424318676,
    -14.472050218140422,
    -14.55437040663882,
    -14.472582130872642,
    -14.699034233356691,
    -14.476331937649523,
    -14.480225449716269,
    -14.552569052783527,
    -14.420885551600474,
    -14.528876495612987,
    -14.578280967605687,
    -14.462946003832647,
    -14.391127609027535,
    -14.505929854151308
  ],
  "final_reward": -14.493432186046032
}