{
  "circuit": "ring",
  "seed": 0,
  "n_params": 16,
  "grad_norms": [
    0.00011906794679816812,
    0.0001825944345910102,
    0.00017836458573583513,
    0.000319118145853281,
    0.0009020812576636672,
    0.0004089134163223207,
    0.0005726577364839613,
    0.0001687569747446105,
    0.0005605361657217145,
    0.0002313204895472154,
    0.0002247659576823935,
    0.0006340275285765529,
    0.00022940951748751104,
    0.0004521241062320769,
    0.0003194290038663894,
    0.0006702334503643215,
    0.00029365019872784615,
    0.0009790206095203757,
    0.0005351703148335218,
    0.0009532899712212384,
    0.0010806269710883498,
    0.0007116950582712889,
    0.0007502476219087839,
    0.00044564265408553183,
    0.0025293598882853985,
    0.0019224268617108464,
    0.0013121310621500015,
    0.000690737331751734,
    0.0005206731730140746,
    0.00418799789622426
  ],
  "rewards": [
    -14.48549179751054,
    -14.535101007363648,
    -14.419059571399227,
    -14.536159835867757,
    -14.534498362410238,
    -14.598667910347272,
    -14.562156089146518,
    -14.452948851372698,
    -14.659774490599107,
    -14.378403803241227,
    -14.498364617097913,
    -14.57224114251587,
    -14.434146169146171,
    -14.370765739033216,
    -14.510618226954469,
    -14.474678589404919,
    -14.52884216322774,
    -14.519117694894792,
    -14.479922399701314,
    -14.551360004549302,
    -14.32018153591303,
    -14.422430402760542,
    -14.52444926373905,
    -14.52402090696121,
    -14.496668733039266,
    -14.534413115156815,
    -14.465366928087692,
    -14.432217056741647,
    -14.341882392001692,
    -14.469240233116704
  ],
  "final_reward": -14.448623945020909
}