{
  "circuit": "sel",
  "seed": 1,
  "n_params": 48,
  "grad_norms": [
    0.0010845422511920333,
    0.001561901532113552,
    0.0014489265158772469,
    0.0018453482771292329,
    0.001489310641773045,
    0.0018387234304100275,
    0.0035120712127536535,
    0.002457801718264818,
    0.00268137501552701,
    0.0018335934728384018,
    0.004279943648725748,
    0.00322890467941761,
    0.001983731286600232,
    0.0022014249116182327,
    0.003554454306140542,
    0.0022681718692183495,
    0.0038672147784382105,
    0.003328734776005149,
    0.002378050470724702,
    0.003385004121810198,
    0.00348678813315928,
    0.0022371681407094,
    0.004986879415810108,
    0.001418229192495346,
    0.0014376611215993762,
    0.004786568693816662,
    0.005236295983195305,
    0.005182543303817511,
    0.004758126102387905,
    0.004492988344281912
  ],
  "rewards": [
    -14.453243227117547,
    -14.674210503684451,
    -14.560530664398728,
    -14.489187932025644,
    -14.399404739060865,
    -14.343889814818217,
    -14.509423248979424,
    -14.54135905862387,
    -14.47634423767533,
    -14.482044739904902,
    -14.540493537328338,
    -14.555143510962056,
    -14.52969488175849,
    -14.528084774247787,
    -14.561845074400871,
    -14.362930312839417,
    -14.495022223621238,
    -14.491072726134401,
    -14.550456282739695,
    -14.496765740834554,
    -14.703800790432242,
    -14.508500728188462,
    -14.508869597354696,
    -14.567403229529921,
    -14.441521359006549,
    -14.549656000730986,
    -14.58421130022531,
    -14.473414943761144,
    -14.429654796712978,
    -14.515518479950623
  ],
  "final_reward": -14.510491104276209
}