{
  "circuit": "sel",
  "seed": 0,
  "n_params": 48,
  "grad_norms": [
    0.0010520268697291613,
    0.0008366585243493319,
    0.0011338206240907311,
    0.0031509040854871273,
    0.004202380310744047,
    0.006393199786543846,
    0.0076614548452198505,
    0.001045259996317327,
    0.004070622380822897,
    0.004744583275169134,
    0.003490236820653081,
    0.005046307109296322,
    0.0012402234133332968,
    0.0044222502037882805,
    0.0027944056782871485,
    0.006015270948410034,
    0.0019585425034165382,
    0.0025359909050166607,
    0.0022137542255222797,
    0.0017099761171266437,
    0.0026771596167236567,
    0.0014275816502049565,
    0.0033474836964160204,
    0.0009858011035248637,
    0.002699771663174033,
    0.0042475624941289425,
    0.005577297415584326,
    0.002266746712848544,
    0.001116106053814292,
    0.005085250828415155
  ],
  "rewards": [
    -14.483962412452541,
    -14.52097827926308,
    -14.405841300921086,
    -14.533891012592104,
    -14.534964888063008,
    -14.589522090142944,
    -14.561437070250912,
    -14.437623180952489,
    -14.656043259410673,
    -14.365434651810505,
    -14.472827785218778,
    -14.537726143378666,
    -14.401472346190436,
    -14.346848514440467,
    -14.489405127884973,
    -14.447554878157966,
    -14.48897496598011,
    -14.495242056555734,
    -14.452841015712712,
    -14.514388814704139,
    -14.278992982867225,
    -14.396876581767055,
    -14.487857179590096,
    -14.494357761804306,
    -14.467284216630233,
    -14.497638259053588,
    -14.43338668230206,
    -14.412764534883472,
    -14.333793156955009,
    -14.451554535130295
  ],
  "final_reward": -14.425827433664887
}